region,clinic,phone,emergency_24_7,hours,operator,phone_first,phone_valid,lat,lon,geocode,communities_served,communities_cant_call,median_drive_minutes
Top End,Adelaide River,08 8976 7027,True,9am to 5pm,NT Health,08 8976 7027,True,-13.2378,131.10473,matched to NTG community 'ADELAIDE RIVER',3,0,2.0
Top End,Batchelor,08 8976 0011,True,9am to 5pm,NT Health,08 8976 0011,True,-13.04629,131.02883,matched to NTG community 'BATCHELOR',7,2,20.0
Top End,Belyuen,08 8978 5023,True,9am to 5pm,NT Health,08 8978 5023,True,-12.5386,130.6999,matched to NTG community 'BELYUEN',13,1,2.0
Top End,Gunbalanya (Oenpelli),08 8979 0178,False,"Monday to Wednesday 8:30am to 12:00pm, 1:00pm to 4:00pm; Thursday 1:00pm to 4:00pm; Friday 8:30am to 12:00pm, 1:00pm to 4:00pm",Red Lily Health Board Aboriginal Corporation,08 8979 0178,True,-12.324,133.056,matched to NTG community 'GUNBALANYA',9,4,42.0
Top End,Jabiru,08 8979 900,True,9am to 5pm,Red Lily Health Board,08 8979 900,False,-12.6752,132.8337,matched to NTG community 'JABIRU',13,0,41.0
Top End,Maningrida,08 8979 5930,True,9am to 5pm,Mala'la Health Service Aboriginal Corporation,08 8979 5930,True,-12.05085,134.22363,matched to NTG community 'MANINGRIDA',36,31,83.0
Top End,Milikapiti,08 8978 3950,True,9am to 5pm,NT Health,08 8978 3950,True,-11.42167,130.67418,matched to NTG community 'MILIKAPITI',2,1,95.5
Top End,Minjilang,08 8979 0229,True,9am to 5pm,Red Lily Health Board,08 8979 0229,True,-11.1507,132.5786,matched to NTG community 'MINJILANG',18,9,102.5
Top End,Nauiyu Nambiyu (Daly River),08 8978 2435,True,9am to 5pm,NT Health,08 8978 2435,True,-13.75054,130.68893,matched to NTG community 'NAUIYU' (manual),3,1,19.0
Top End,Palumpa,08 8978 2359,True,9am to 5pm,NT Health,08 8978 2359,True,-14.35111,129.87889,matched to NTG community 'NGANMARRIYANGA' (manual),4,2,38.0
Top End,Peppimenarti,08 8978 1066,True,9am to 4:30pm,NT Health,08 8978 1066,True,-14.1503,130.0763,matched to NTG community 'PEPPIMENARTI',7,3,59.0
Top End,Pirlangimpi,08 8978 3953,True,9am to 5pm,NT Health,08 8978 3953,True,-11.4059,130.4172,matched to NTG community 'PIRLANGIMPI',3,1,60.0
Top End,Wadeye (Port Keats),08 8978 2360,True,9am to 5pm,NT Health,08 8978 2360,True,-14.2404,129.5205,matched to NTG community 'WADEYE',14,8,57.5
Top End,Warruwi,08 8979 0500,True,9am to 5pm,Red Lily Health Board,08 8979 0500,True,-11.64896,133.38935,matched to NTG community 'WARRUWI',11,3,28.0
Top End,Woodyculpaldiya,08 8978 22435,False,9am to 12pm; 1pm to 4pm,NT Health,08 8978 22435,False,-13.85926,130.00115,matched to NTG community 'WOODYCUPALDIYA',10,10,43.0
Top End,Wurrumiyanga (Nguiu),08 8978 3984,True,9am to 5pm,NT Health,08 8978 3984,True,-11.75831,130.63747,matched to NTG community 'WURRUMIYANGA',6,1,47.5
East Arnhem,Alyangula,08 8987 6255,True,9am to 5pm,NT Health,08 8987 6255,True,-13.8506,136.4191,matched to NTG community 'ALYANGULA',5,1,9.0
East Arnhem,Angurugu,08 8987 6311,True,9am to 5pm,NT Health,08 8987 6311,True,-13.98224,136.46057,matched to NTG community 'ANGURUGU',4,2,37.5
East Arnhem,Milyakburra (Bickerton Island),08 8987 7054,True,9am to 5pm,NT Health,08 8987 7054,True,-13.78389,136.19583,matched to NTG community 'MILYAKBURRA',13,12,114.0
East Arnhem,Galiwin'ku (Elcho Island),08 8970 5800,False,8am to 12pm; 1pm to 4:30pm,Miwatj Health Aboriginal Corporation,08 8970 5800,True,-12.0235,135.5664,matched to NTG community 'GALIWINKU',22,14,77.0
East Arnhem,Galiwin'ku (Elcho Island)Homelands,08 8970 5568,False,,Marthakal Homelands Health Service,08 8970 5568,True,-12.0235,135.5664,matched to NTG community 'GALIWINKU' (manual),0,0,
East Arnhem,Gapuwiyak,08 8987 9150,True,9am to 5pm,Miwatj Health Aboriginal Corporation,08 8987 9150,True,-12.50322,135.80587,matched to NTG community 'GAPUWIYAK',16,14,100.5
East Arnhem,Gunyangara,08 8987 3800,False,8:30am to 4:30pm,Miwatj Health Aboriginal Corporation,08 8987 3800,True,-12.21542,136.70569,matched to NTG community 'GUNYANGARA',19,15,135.5
East Arnhem,Laynhapuy Homelands,08 8939 1800,False,,Laynhapuy Aboriginal Community Controlled Health Services,08 8939 1800,True,-12.25279,136.89168,matched to NTG community 'YIRRKALA' (manual),4,2,50.5
East Arnhem,Nhulunbuy Urban,08 8939 1900,False,8:30am to 4:30pm,Miwatj Health Aboriginal Corporation,08 8939 1900,True,-12.187,136.7763,matched to NTG community 'NHULUNBUY' (manual),4,1,8.0
East Arnhem,Ramingining,08 8979 7923,False,"Monday, Tuesday, Thursday and Friday 8am to 4:30pm; Wednesday 8am to 12pm",Miwatj Health Aboriginal Corporation,08 8979 7923,True,-12.32779,134.93001,matched to NTG community 'RAMINGINING',19,7,36.0
East Arnhem,Umbakumba,08 8987 6772,False,Monday to Thursday 9am to 4pm; Friday 9am to 1pm,NT Health,08 8987 6772,True,-13.85974,136.81113,matched to NTG community 'UMBAKUMBA',8,0,18.5
East Arnhem,Yirrkala,08 8987 2650,False,Monday to Thursday 8am to 4pm; Friday 8am to 12pm,Miwatj Health Aboriginal Corporation,08 8987 2650,True,-12.25279,136.89168,matched to NTG community 'YIRRKALA',0,0,
East Arnhem,Yurrwi (Milingimbi),08 8987 9903,False,"Monday, Tuesday, Thursday and Friday 8am to 4:30pm; Wednesday 8am 12pm",Miwatj Health Aboriginal Corporation,08 8987 9903,True,-12.1036,134.9201,matched to NTG community 'MILINGIMBI',12,9,60.0
Big Rivers,Amanbidji (Kildurk),08 9167 8842,False,Tuesday 10am to 2pm,Katherine West Health Board Aboriginal Corporation,08 9167 8842,True,-16.42806,129.6189,matched to NTG community 'AMANBIDJI',9,3,155.0
Big Rivers,Barunga (Bamyili),08 8975 4501,False,8am to 4:30pm,Sunrise Health Service Aboriginal Corporation,08 8975 4501,True,-14.52363,132.86668,matched to NTG community 'BARUNGA',2,1,32.5
Big Rivers,Binjari,08 8971 0970,False,8:30am to 4pm,Wurli Wurlinjang Health Service,08 8971 0970,True,-14.5502,132.1815,matched to NTG community 'BINJARI',8,1,6.5
Big Rivers,Borroloola,08 8975 8757,True,9am to 5pm,NT Health,08 8975 8757,True,-16.0676,136.3069,matched to NTG community 'BORROLOOLA',34,24,46.0
Big Rivers,Bulla,08 9168 7303,False,"Monday, Wednesday and Friday 10am - 2pm",Katherine West Health Board Aboriginal Corporation,08 9168 7303,True,-15.76492,130.03936,matched to NTG community 'BULLA',2,1,155.0
Big Rivers,Daguragu (Wattie Creek),08 8975 0785,False,,Katherine West Health Board Aboriginal Corporation,08 8975 0785,True,-17.40059,130.80491,matched to NTG community 'DAGURAGU',2,1,29.5
Big Rivers,Gulin (Bulman),08 8975 4712,False,8am to 4:30pm,Sunrise Health Service Aboriginal Corporation,08 8975 4712,True,-13.66529,134.33335,matched to NTG community 'BULMAN',9,6,52.0
Big Rivers,Jilkminggan (Duck Creek),08 8975 4741,False,8am to 4:30pm,Sunrise Health Service Aboriginal Corporation,08 8975 4741,True,-14.95306,133.3,matched to NTG community 'JILKMINGGAN',2,0,23.0
Big Rivers,Kalkaringi (Wave Hill),08 8975 0785,True,Monday to Thursday 8:30am to 4pm; Friday 1pm to 4pm,Katherine West Health Board Aboriginal Corporation,08 8975 0785,True,-17.44675,130.83212,matched to NTG community 'KALKARINDJI',3,2,93.0
Big Rivers,Lajamanu (Hooker Creek),08 8975 1500,True,Monday to Thursday 8:30am to 4pm; Friday 1pm to 4pm,Katherine West Health Board Aboriginal Corporation,08 8975 1500,True,-18.33584,130.63834,matched to NTG community 'LAJAMANU',11,9,144.0
Big Rivers,Lingara via Yarralin,08 8975 0893,True,Monday to Thursday 8:30am to 4pm; Friday 1pm to 4pm,Katherine West Health Board Aboriginal Corporation,08 8975 0893,True,-16.48694,130.64333,matched to NTG community 'LINGARA' (manual),1,0,0.0
Big Rivers,Manyallaluk (Eva Valley),08 8975 4864,True,9am to 5pm,Sunrise Health Service Aboriginal Corporation,08 8975 4864,True,-14.26649,132.82797,matched to NTG community 'MANYALLALUK',2,1,68.5
Big Rivers,Mataranka,08 8975 4547,False,8am to 4:30pm,Sunrise Health Service Aboriginal Corporation,08 8975 4547,True,-14.92435,133.06795,matched to NTG community 'MATARANKA',4,1,1.5
Big Rivers,Mialuni (Kildurk),08 9167 8842,False,Tuesday 10am to 2pm,Katherine West Health Board Aboriginal Corporation,08 9167 8842,True,-16.42806,129.6189,matched to NTG community 'AMANBIDJI' (manual),0,0,
Big Rivers,Minyerri (Hodgeson Downs),08 8975 9959,False,,Sunrise Health Service Aboriginal Corporation,08 8975 9959,True,-15.2216,134.0821,matched to NTG community 'MINYERRI',6,4,59.0
Big Rivers,Ngukurr (Roper River),08 8975 4688,False,8am to 4:30pm,Sunrise Health Service Aboriginal Corporation,08 8975 4688,True,-14.7317,134.7321,matched to NTG community 'NGUKURR',10,8,51.5
Big Rivers,Numbulwar,08 8975 4670,False,"Monday, Tuesday, Wednesday and Friday 9am to 12pm; Thursday 1pm to 4pm",NT Health,08 8975 4670,True,-14.2791,135.7406,matched to NTG community 'NUMBULWAR',8,6,62.5
Big Rivers,Nitjpurru (Pigeon Hole),08 8975 0910,False,Tuesday 10:30am to 4pm; Wednesday 8:30am to 4pm; Thursday 8:30am - 2pm,Katherine West Health Board Aboriginal Corporation,08 8975 0910,True,-16.81412,131.22037,matched to NTG community 'PIGEON HOLE',5,4,95.0
Big Rivers,Pine Creek,08 8976 1268,False,Tuesday 9am to 3pm,NT Health,08 8976 1268,True,-13.8227,131.8344,matched to NTG community 'PINE CREEK',3,0,1.0
Big Rivers,Robinson River,08 8975 9985,False,8am to 5pm,NT Health,08 8975 9985,True,-16.75974,136.98057,matched to NTG community 'ROBINSON RIVER',19,15,226.0
Big Rivers,Timber Creek,08 8975 0727,True,Monday to Thursday 8:30am to 4pm; Friday 1pm to 4pm,Katherine West Health Board Aboriginal Corporation,08 8975 0727,True,-15.6625,130.4804,matched to NTG community 'TIMBER CREEK',9,5,14.0
Big Rivers,Urapunga (Rittarangu),08 8975 4345,False,,Sunrise Health Service Aboriginal Corporation,08 8975 4345,True,-14.71011,134.56526,matched to NTG community 'RITTARANGU',3,3,19.0
Big Rivers,Wugularr (Beswick),,False,,Sunrise Health Service Aboriginal Corporation,,False,-14.5548,133.1142,matched to NTG community 'BESWICK',2,0,0.0
Big Rivers,Yarralin,08 8975 0893,True,Monday to Thursday 8:30am to 4pm Friday 1pm to 4pm,Katherine West Health Board Aboriginal Corporation,08 8975 0893,True,-16.44841,130.88279,matched to NTG community 'YARRALIN',1,0,0.0
Barkly,Aherrenge (Ampilawatja),08 8956 9942,False,"Monday, Tuesday, Wednesday and Friday 8:30am to 12:30pm, 2:30pm to 5:30pm Thursday 8:30am to 12:30pm",Ampilatwatja Health Centre Aboriginal Corporation,08 8956 9942,True,-21.65664,135.22509,matched to NTG community 'AMPILATWATJA',5,4,73.0
Barkly,Ali Curung,08 8964 1954,False,Monday to Wednesday 8am to 5pm,NT Health,08 8964 1954,True,-21.00333,134.40694,matched to NTG community 'ALI CURUNG',6,4,56.0
Barkly,Alpurrurulam (Lake Nash),07 4748 3111,True,8am to 5pm,NT Health,07 4748 3111,True,-20.98417,137.84749,matched to NTG community 'ALPURRURULAM',2,1,118.0
Barkly,Canteen Creek,08 8964 1510,True,8am to 5pm,NT Health,08 8964 1510,True,-20.64508,135.58678,matched to NTG community 'CANTEEN CREEK',5,3,185.0
Barkly,Elliot,08 8969 2060,True,8am to 5pm,NT Health,08 8969 2060,True,-17.5527,133.5408,matched to NTG community 'ELLIOTT',11,6,42.5
Barkly,Epenarra (Wutunugurra),08 8964 1559,False,Visiting service,NT Health,08 8964 1559,True,-20.46156,135.25241,matched to NTG community 'WUTUNUGURRA',9,8,87.0
Barkly,Tara(Neutral Junction),08 8956 9789,False,8am to 5pm,NT Health,08 8956 9789,True,-21.50658,133.99669,matched to NTG community 'TARA',4,2,36.0
Barkly,Tennant Creek Outstations,08 8962 4846,False,8am to 4:30pm,Anyinginyi Health Services Aboriginal Corporation,08 8962 4846,True,-19.6478,134.1902,matched to NTG community 'TENNANT CREEK' (manual),29,18,54.0
Barkly,Tennant Creek Urban,08 8962 2385,False,"Monday, Tuesday, Wednesday and Friday 8:30am to 11:30am, 1pm to 4pm; Thursday 8:30am to 11:30am",Anyinginyi Health Services Aboriginal Corporation,08 8962 2385,True,-19.6478,134.1902,matched to NTG community 'TENNANT CREEK' (manual),0,0,
Barkly,Urapuntja (Utopia),08 8956 9994,True,8am to 5pm,Urapuntja Health Service,08 8956 9994,True,-22.08779,134.77476,matched to NTG community 'ARLPARRA' (manual),18,12,32.0
Central Australia,Amoonguna,08 8952 9327,False,"Monday, Tuesday, Wednesday and Friday 8am to 4:30pm; Thursday 8am to 12:30pm",Central Australian Aboriginal Congress / Amoonguna Health Service Board,08 8952 9327,True,-23.76632,133.93599,matched to NTG community 'AMOONGUNA',55,10,15.0
Central Australia,Aputula(Finke),08 8956 0961,True,8am to 5pm,NT Health,08 8956 0961,True,-25.5821,134.5779,matched to NTG community 'FINKE',6,4,28.5
Central Australia,Harts Range (Atitjere),08 8956 9778,True,8am to 5pm,NT Health,08 8956 9778,True,-22.9843,134.9341,matched to NTG community 'ATITJERE',9,4,36.0
Central Australia,Bonya,08 8956 6300,True,Visiting service,NT Health,08 8956 6300,True,-22.78458,136.16829,matched to NTG community 'ORRTIPA-THURRA' (manual),7,7,86.0
Central Australia,Engawala (Alcoota),08 8956 9944,True,Visiting service,NT Health,08 8956 9944,True,-22.80257,134.45547,matched to NTG community 'ENGAWALA',4,2,76.0
Central Australia,Haasts Bluff (Ikuntji),08 8956 8472,True,Visiting service,NT Health,08 8956 8472,True,-23.44733,131.88129,matched to NTG community 'HAASTS BLUFF',10,10,53.0
Central Australia,Imanpa(Mt Ebenezer),08 8956 7484,False,Tuesday 10:30am to 5:00pm; Wednesday 8:30am to 2:00pm,Central Australian Aboriginal Congress / Mpwelarre Health Aboriginal Corporation,08 8956 7484,True,-25.13051,132.56999,matched to NTG community 'IMANPA',6,4,85.0
Central Australia,Kaltukatjara (Docker River),08 8960 8600,False,"Monday, Tuesday 8:30am to 5:00pm Wednesday 9:30am to 5:00pm; Thursday 8:30am to 12:00pm; Friday 8:30am to 5:00pm",Central Australian Aboriginal Congress / Mpwelarre Health Aboriginal Corporation,08 8960 8600,True,-24.87611,129.07916,matched to NTG community 'KALTUKATJARA',17,11,44.0
Central Australia,Kintore,08 8956 8577,False,9am to 12pm; 2pm to 5pm,Pintupi Homelands Health Service,08 8956 8577,True,-23.27591,129.38725,matched to NTG community 'KINTORE',8,5,51.5
Central Australia,Ltyentye Apurte(Santa Teresa),08 8956 0911,False,"Monday, Tuesday, Wednesday and Friday 8:30am to 12pm, 1pm to 5pm; Thursday 8:30am to 12pm, 3:30pm to 4:30pm",Central Australian Aboriginal Congress / Mpwelarre Health Aboriginal Corporation,08 8956 0911,True,-24.1307,134.3733,matched to NTG community 'SANTA TERESA',4,1,41.5
Central Australia,Laramba (Napperby),08 8956 8792,True,8am to 5pm,NT Health,08 8956 8792,True,-22.53297,132.75603,matched to NTG community 'LARAMBA',6,5,65.0
Central Australia,Mt Liebig (Amunturrngu),08 8956 8595,True,8am to 5pm,NT Health,08 8956 8595,True,-23.26605,131.27319,matched to NTG community 'MOUNT LIEBIG',11,5,20.0
Central Australia,Mutitjulu,08 8956 2054,False,"Monday, Tuesday, Wednesday and Friday 8:30am to 4pm; Thursday 8:30am to 12pm",Central Australian Aboriginal Congress / Mpwelarre Health Aboriginal Corporation,08 8956 2054,True,-25.3523,131.0667,matched to NTG community 'MUTITJULU',3,2,157.0
Central Australia,Hermannsburg (Ntaria),08 8956 7433 or 08 8951 6040,True,8am to 5pm,NT Health,08 8956 7433,True,-23.9427,132.7787,matched to NTG community 'HERMANNSBURG',29,4,16.0
Central Australia,Ntaria (Hermannsburg) PHC,,False,,Central Australian Aboriginal Congress / Mpwelarre Health Aboriginal Corporation,,False,-23.9427,132.7787,matched to NTG community 'HERMANNSBURG',0,0,
Central Australia,Nturiya(Ti-Tree Station),08 8956 9736,True,8am to 5pm,NT Health,08 8956 9736,True,-22.12379,133.26529,matched to NTG community 'NTURIYA',2,1,26.0
Central Australia,Nyirippi(Waite Creek),08 8956 8835,True,8am to 5pm,NT Health,08 8956 8835,True,-22.6505,130.5532,matched to NTG community 'NYIRRIPI',8,6,135.0
Central Australia,Pmara Jutunta(6 Mile),08 8956 9736,True,Visiting service,NT Health,08 8956 9736,True,-22.20878,133.43073,matched to NTG community 'PMARA JUTUNTA',3,1,35.0
Central Australia,Titjikala (Maryvale),08 8956 0906,True,8:30am to 4:30pm,NT Health,08 8956 0906,True,-24.67389,134.07584,matched to NTG community 'TITJIKALA',7,5,58.0
Central Australia,Utju(Areonga),08 8956 7308,False,"Monday, Tuesday, Wednesday and Friday 8:30am to 5pm; Thursday 8:30am to 12pm",Central Australian Aboriginal Congress / Mpwelarre Health Aboriginal Corporation,08 8956 7308,True,-24.07361,132.27083,matched to NTG community 'AREYONGA',10,10,73.0
Central Australia,Wallace Rockhole,08 8956 7763,False,Wednesday 9am to 5pm,Central Australian Aboriginal Congress / Mpwelarre Health Aboriginal Corporation,08 8956 7763,True,-24.1245,133.0863,matched to NTG community 'WALLACE ROCKHOLE',8,6,41.0
Central Australia,Watarrka(Kings Canyon),08 8956 7807,False,Monday to Thursday 9am to 4:30pm; Friday 9am to 12pm,NT Health,08 8956 7807,True,-24.24339,131.51037,GA Healthdirect coordinates,4,1,16.0
Central Australia,Willowra,08 8956 8788,False,9am to 5pm,NT Health,08 8956 8788,True,-21.24446,132.6139,matched to NTG community 'WILLOWRA',4,3,132.0
Central Australia,Yuendumu,08 8956 4030,True,8am to 5pm,NT Health,08 8956 4030,True,-22.25389,131.79529,matched to NTG community 'YUENDUMU',15,10,94.0
Central Australia,Yulara(Uluru),08 8905 9400,False,"Monday, Tuesday 8:30am to 5:00pm Wednesday 9:30am to 5:00pm; Thursday 8:30am to 12:00pm; Friday 8:30am to 5:00pm",Central Australian Aboriginal Congress / Mpwelarre Health Aboriginal Corporation,08 8905 9400,True,-25.24133,130.98766,matched to NTG community 'YULARA',3,1,23.0
,Papunya Community Health Centre,,False,,,,False,-23.20439,131.90886,GA Healthdirect coordinates,8,2,15.0
,Wilora Community Health Centre,,False,,,,False,-21.74206,133.72978,GA Healthdirect coordinates,3,2,61.0
,Ti Tree Community Health Centre,,False,,,,False,-22.12908,133.41894,GA Healthdirect coordinates,3,0,15.0
