community_name,lat,lon,tc_systems_within_200km_2000on,severe_tc_within_100km_2000on
ADELAIDE BORE,-22.2148499999999,133.93607,2,0
ALYUEN,-22.66949,133.35147,0,0
AKNGWERTNARRE,-23.6928,133.861199999999,0,0
ALKIPI,-23.27356,131.829239999999,1,0
RED SANDHILL,-24.0097399999999,132.852789999999,0,0
ALPARA,-25.91526,131.21242,1,0
INJULKAMA,-23.0762599999999,133.106729999999,0,0
AMOONGUNA,-23.76632,133.93599,0,0
AMPILATWATJA,-21.6566399999999,135.225089999999,4,0
AMPUTJUTA,-24.9295599999999,129.12287,2,0
ANGULA,-22.55781,134.216749999999,1,0
ANGAS DOWNS,-25.0344699999999,132.27377,0,0
ANNINGIE,-21.83473,133.14445,2,0
INDARINGINYA,-21.67707,134.71992,4,0
ANTHELK EWLPAYE,-23.6897899999999,133.87932,0,0
ANTHEPE,-23.7575,133.865499999999,0,0
SUGAR CREEK,-23.9497399999999,132.57363,0,0
APER ALWERRKNGE,-23.66835,133.870849999999,0,0
AREYONGA,-24.0736099999999,132.270829999999,0,0
ARRKAPA,-23.9824799999999,132.829369999999,0,0
ARTEKERR,-22.2902199999999,134.543119999999,2,0
ATNWENGERRPE,-21.86956,134.99411,4,0
UTILY,-23.4887699999999,131.873189999999,1,0
BLACKWATER,-23.26181,131.89688,1,0
ORRTIPA-THURRA,-22.7845799999999,136.16829,4,0
ATNELTYEY,-22.0368299999999,134.61166,4,0
MALA,-21.6949399999999,130.853309999999,5,0
TOWN BORE,-23.35473,132.06416,1,0
ENGAWALA,-22.8025699999999,134.455469999999,1,0
EIGHT MILE,-23.8869899999999,132.68279,0,0
EWYENPER ATWATYE,-23.7081,133.89974,0,0
FINKE,-25.5821,134.5779,0,0
GILBERT SPRINGS,-23.9717699999999,132.480729999999,0,0
PARRULYU,-20.4527599999999,130.90912,7,0
HAASTS BLUFF,-23.4473299999999,131.88129,1,0
ATITJERE,-22.9843,134.9341,2,0
HERMANNSBURG,-23.9427,132.7787,0,0
GREEN VALLEY,-23.15051,131.738169999999,1,0
ILKARRALALAMA,-23.96461,132.465039999999,0,0
DONS BORE,-22.2623299999999,131.920269999999,4,0
NEW ILPARPA,-23.76576,133.870679999999,0,0
ILPERLE-TYATHE,-23.6656,133.861099999999,0,0
ILPILI,-23.32393,130.36045,1,0
ILYIPERENYE,-23.7438199999999,133.87079,0,0
IMANPA,-25.1305099999999,132.569989999999,0,0
IMPORTNA,-23.9404799999999,132.743409999999,0,0
ININTI,-23.16827,129.15249,2,0
INJIRRAMURRI,-22.4652299999999,131.129109999999,3,0
INTJARTNAMA,-24.0629199999999,132.920559999999,0,0
FIVE MILE,-23.9184799999999,132.84834,0,0
INYILINGI,-23.24973,131.42488,1,0
IPOLERA,-23.9886199999999,132.374069999999,0,0
TINKI,-23.2733099999999,129.55768,2,0
IRRULTJA,-21.9799699999999,135.111279999999,4,0
ITWIYETHWENGE,-23.6636299999999,133.871679999999,0,0
IWUPATAKA,-23.7906099999999,133.503269999999,0,0
KALTUKATJARA,-24.87611,129.07916,2,0
KAPORILYA,-23.93974,132.72029,0,0
KARNTE,-23.76437,133.864739999999,0,0
KINTORE,-23.27591,129.387249999999,2,0
KULPITHARRA,-23.7397399999999,132.00279,1,0
KUNAPULA,-25.1569699999999,129.234109999999,2,0
KUNGKAYUNTI,-23.6264699999999,131.243709999999,1,0
ARMSTRONGS,-23.8791799999999,132.680009999999,0,0
KURKUTJARA,-25.9417799999999,129.411149999999,2,0
INKWELAYE,-22.0795099999999,134.831529999999,4,0
KWALA,-23.9272399999999,132.889739999999,0,0
LABRAPUNTJA,-23.9118399999999,132.939259999999,0,0
LARAMBA,-22.5329699999999,132.75603,0,0
LARAPINTA VALLEY,-23.71104,133.8514,0,0
LILLA,-24.29728,131.60327,1,0
INARLENGE,-23.7288199999999,133.858959999999,0,0
LITTLE WELL,-24.1354699999999,135.33314,0,0
LTIRA,-24.0570899999999,132.901819999999,0,0
LILTJERA,-23.9364,132.637789999999,0,0
LYILYALANAMA,-23.9472399999999,132.74474,0,0
MANTAPAYIKA,-25.47458,130.225609999999,2,0
OLD STATION,-24.0191099999999,132.86345,0,0
MBALKANAKA,-23.9534899999999,132.87547,0,0
MBUNGHARA,-23.29071,132.35891,1,0
AMENGERNTERNEAH,-21.8976699999999,134.841659999999,4,0
MORRIS GAP,-24.11251,131.43922,1,0
MOTNAS,-23.9497399999999,132.769459999999,0,0
MPWETYERRE,-23.71679,133.87412,0,0
MOUNT BARKLY,-21.61391,132.441139999999,3,0
KURIPPI,-22.1421099999999,132.053159999999,4,0
MOUNT LIEBIG,-23.26605,131.27319,1,0
MOUNT NANCY,-23.66751,133.87001,0,0
KARRINYARRA,-22.66329,131.87876,3,0
PUTULU,-21.3438199999999,131.369969999999,4,0
MULGA BORE,-22.45139,134.20944,1,0
WANARKULA,-25.99663,131.58803,1,0
MUTITJULU,-25.3523,131.066699999999,1,0
NEW BORE,-23.2217199999999,131.327689999999,1,0
YUWERLI,-22.03566,131.65064,4,0
NGUMAN,-23.5421899999999,129.756939999999,2,0
NGKWARLERLANEM,-21.7274099999999,134.79113,4,0
NTURIYA,-22.12379,133.265289999999,2,0
NYIRRIPI,-22.6505,130.5532,3,0
NYEWENTE,-23.68779,133.86285,0,0
PAPUNYA,-23.20306,131.9111,1,0
PHILLIPSON BORE,-24.0959299999999,134.43038,0,0
PINE HILL,-22.37949,133.05366,0,0
PINPIRNGA,-23.1627499999999,129.46322,2,0
PMARA JUTUNTA,-22.2087799999999,133.430729999999,2,0
PULARDI,-22.5633199999999,132.379779999999,2,0
PUNRITJANTA,-24.6739199999999,129.293929999999,1,0
PUTA PUTA,-25.0734499999999,129.640449999999,2,0
PUYURRU,-21.33117,130.81753,6,0
RODNA,-23.7621299999999,132.67042,0,0
SANTA TERESA,-24.1307,134.3733,0,0
ATNARARA,-22.0262199999999,134.78721,4,0
ARAWERR,-22.01371,134.84618,4,0
TITJIKALA,-24.67389,134.075839999999,0,0
TJAMANGKURRA,-23.9689,132.80529,0,0
TJULPUNGU,-21.83419,131.413479999999,4,0
TJUNTI,-25.01763,129.401129999999,2,0
TJUNTINANTA,-24.8518699999999,129.23084,2,0
TNAWURTA,-23.9989,132.838349999999,0,0
TNYIMIPURTA,-23.8877899999999,132.67113,0,0
URLAMPE,-22.4931699999999,137.74252,3,0
UKAKA,-24.59261,132.37395,0,0
UKATJUPU,-25.9094899999999,129.10549,2,0
ULPANYALI,-24.2309099999999,131.50075,1,0
UNDURANA 1C,-23.75723,132.127219999999,1,0
ARLPARRA,-22.0877899999999,134.77476,4,0
ANKERRAPW,-22.2300399999999,134.56306,3,0
WALLACE ROCKHOLE,-24.1245,133.086299999999,0,0
WALYTJATJATA,-25.9766699999999,129.46583,2,0
WANGKARI,-25.1316899999999,129.019329999999,2,0
WANMARRA,-24.38841,131.80347,0,0
WARREN CREEK,-23.2657199999999,131.178679999999,1,0
WARUMPI,-23.1851,131.97514,1,0
WAYILILINYPA,-22.50196,131.446689999999,3,0
WELERE,-22.02194,135.191689999999,4,0
WELMALA,-25.6827799999999,133.261159999999,0,0
WEST WATERHOUSE,-23.9957299999999,133.113389999999,0,0
WILLOWRA,-21.24446,132.6139,3,0
WILORA,-21.7410999999999,133.731099999999,3,0
YATJALU,-22.40643,131.16216,3,0
YATEMANS BORE,-23.6862199999999,131.614409999999,1,0
YINYIRIPALANGU,-22.2104599999999,130.205579999999,5,0
YUWALKI,-23.5634699999999,129.53922,2,0
YUELAMU,-22.25835,132.205569999999,4,0
YUENDUMU,-22.2538899999999,131.795289999999,4,0
YUMURRPA,-21.6273099999999,130.78047,5,0
ALI CURUNG,-21.0033299999999,134.406939999999,4,0
ALPURRURULAM,-20.9841699999999,137.847489999999,5,0
GULUNGURU,-19.3543899999999,136.038549999999,11,0
BAJAMINYI,-17.7748899999999,137.712429999999,25,0
BAUHINIA DOWNS,-16.2151199999999,135.469679999999,28,0
WADA WARRA,-15.74902,136.25224,34,2
MUNJI-MARLA,-19.6476499999999,134.18279,11,0
YANGULINYINA,-16.8888599999999,137.208959999999,30,2
CANTEEN CREEK,-20.64508,135.58678,6,0
CORELLA CREEK,-18.3668499999999,135.856709999999,17,0
MARA,-16.05085,136.304739999999,32,2
MARLA MARLA,-19.655,134.179,11,0
ELLIOTT SOUTH CAMP,-17.5621799999999,133.557459999999,21,0
ELLIOTT NORTH CAMP,-17.5498899999999,133.535969999999,21,0
WUTUNUGURRA,-20.4615599999999,135.252409999999,6,0
GARAWA 1,-16.06879,136.32129,32,2
JARRA JARRA,-20.8476499999999,133.22064,5,0
JINGALOO,-17.1131099999999,133.614329999999,18,0
KALUMPURLPA,-19.0038699999999,133.91809,15,0
KANGAROO ISLAND,-15.8884799999999,136.53951,33,3
KARGARU,-19.6586099999999,134.198059999999,11,0
KUNAYUNGKU,-19.7420899999999,133.724639999999,10,0
MUNGKARTA,-20.3370199999999,134.19843,6,0
NGALPA NGALPA,-19.6352899999999,134.193629999999,11,0
MUNGALAWURRU,-19.3825299999999,133.595519999999,11,0
MUNYALINI,-16.0925899999999,136.18938,32,2
IMANGARA,-21.0496099999999,134.68117,5,0
NUDJABARRA,-17.9799799999999,137.969439999999,21,0
MARLINJA,-17.3711099999999,133.40305,20,0
NURADIDGEE,-20.1143699999999,134.508489999999,7,0
PINGALA,-19.0932,133.882689999999,15,0
WANDANGULA,-16.0547699999999,136.345579999999,32,2
BUJAN,-16.2690099999999,136.879149999999,31,3
ROBINSON RIVER,-16.75974,136.98057,28,3
WOGYALA,-19.00617,135.17821,13,0
JILUNDARINA,-17.60557,137.57665,26,0
SOUTH WEST ISLAND,-15.6890199999999,136.688209999999,35,3
TARA,-21.50658,133.99669,4,0
TJOUNGOURI,-16.17126,136.04365,31,2
VILLAGE CAMP,-19.656,134.1842,11,0
WEST ISLAND,-15.64251,136.50235,35,3
WOLLOGORANG,-17.21828,137.988839999999,29,2
YANYULA,-16.0612999999999,136.3083,32,2
ACACIA LARRAKIA,-12.8142,131.1715,30,1
ALAMIRRA,-11.0674499999999,132.528349999999,27,1
PARADISE FARM,-12.9391,132.53271,28,0
AMATJATPALK,-11.59488,133.45508,28,3
ANKABADBIRRI,-12.25695,134.41973,20,3
ARARU POINT,-11.19364,131.877829999999,27,2
BAGOT,-12.4161299999999,130.85515,31,1
WALKA,-11.17957,132.588429999999,27,1
BELYUEN,-12.5386,130.6999,29,1
BERRAJA,-12.0719499999999,134.50486,21,3
BOLKDJAM,-12.41151,134.41998,21,2
BULGUL,-13.0838699999999,130.122029999999,35,1
BULUHKADURU,-12.4324699999999,134.423069999999,21,2
YILAN,-12.04251,134.62196,20,3
CANNON HILL,-12.3575799999999,132.94593,25,1
TIGERS CAMP,-11.4740699999999,132.77662,27,1
DAMDAM,-12.1655599999999,134.645289999999,20,3
GUMERAGI,-11.1688,132.1647,27,2
DITCHI,-14.30373,129.408549999999,43,0
JI-BENA,-12.1441799999999,134.526399999999,21,3
GAMARDI,-12.27398,134.68321,21,3
GAMARGAWAN,-12.6491399999999,134.076459999999,19,2
GOCHAN JINY JIRRA,-12.1992499999999,134.45751,21,3
GORRONG-GORRONG,-12.12294,134.495319999999,21,3
MARLWON,-12.13453,133.863069999999,20,3
KAKODBABULDI,-12.40779,134.15779,20,2
GUMARRIRNBANG,-12.32945,133.996949999999,20,1
GUNBALANYA,-12.324,133.056,26,1
GUPANGA,-12.0752,134.5843,20,3
GURRGURR,-12.2064399999999,134.009039999999,19,3
HUMPTY DOO,-12.63105,131.26078,29,1
ARARLAGU,-11.52722,133.39848,28,3
INJILATPARRI,-11.6111299999999,133.41363,28,3
JI-BALBAL,-12.2975499999999,134.619889999999,20,3
JI-MARDA,-12.05613,134.615009999999,20,3
NDJUDDA,-11.98809,134.247729999999,22,4
KNUCKEY LAGOON INDIGENOUS VILLAGE,-12.4365399999999,130.937489999999,31,1
KOLORBIDAHDAH,-12.61309,134.325389999999,20,2
KULALUK,-12.39279,130.8489,31,1
KULTCHILL,-14.42586,129.57391,42,0
MAMADAWERRE,-12.25629,133.65782,24,3
MANDILBARRENG,-12.27402,133.58456,25,2
MANKORLOD,-12.5650099999999,134.270669999999,20,2
MANGARDUBU,-12.0937,133.1864,24,2
MANINGRIDA,-12.0508499999999,134.22363,21,4
MANMOYI,-12.54064,134.110009999999,20,2
MARRKOLIDJBAN,-12.23751,134.064459999999,20,4
PANDAYAL,-13.0747799999999,130.55589,29,1
MEWIRNBI,-12.12529,134.768059999999,21,3
MIKGINJ VALLEY,-12.4796599999999,133.074649999999,25,1
MILIKAPITI,-11.4216699999999,130.67418,29,2
MALGAWA,-12.83887,133.91826,22,1
MUDGINBERRI,-12.5977199999999,132.873339999999,25,0
WAIDABOONAR,-11.9382199999999,132.78225,25,1
MUMEKA,-12.3630599999999,134.135789999999,20,2
WAUK,-11.5486299999999,132.925009999999,26,3
NAMUGARDABU,-12.15779,134.02473,20,3
KUNGARREWARL,-12.34346,133.05617,26,1
NANGAK,-12.21148,134.28387,20,3
NANGU,-14.3731399999999,129.373349999999,44,0
NABARLEK,-12.30829,133.292159999999,25,1
NADIRRI,-13.9537599999999,129.76657,41,1
NAUIYU,-13.7505399999999,130.688929999999,33,0
WURRUMIYANGA,-11.75831,130.63747,31,2
PALMERSTON INDIGENOUS VILLAGE,-12.4881,131.01168,30,1
NGANMARRIYANGA,-14.3511099999999,129.87889,40,0
PERREDERR,-14.0196299999999,129.826609999999,41,0
PARU,-11.74982,130.64642,31,2
PATONGA (AIRSTRIP),-12.9482599999999,132.569009999999,28,0
PEPPIMENARTI,-14.1503,130.0763,39,0
PIRLANGIMPI,-11.4059,130.4172,30,2
RAILWAY DAM,-12.4540399999999,130.8439,30,1
REDCLIFF,-14.01484,129.708129999999,41,0
SPRING PEAK,-12.96266,132.454239999999,28,0
TREE POINT,-12.3083899999999,131.01819,31,1
TARACUMBI,-11.60806,130.711309999999,29,2
WADEYE,-14.2404,129.520499999999,42,0
AMANGAL INDIGENOUS VILLAGE,-13.2445,131.1041,31,0
WAMINARI,-11.7686099999999,133.397539999999,27,3
WARRUWI,-11.6489599999999,133.38935,27,3
NGARDINITCHI,-14.1928799999999,129.484309999999,42,1
WIGU,-11.6135299999999,133.43225,28,3
WILGI,-11.49601,132.74947,27,1
WOODYCUPALDIYA,-13.8592599999999,130.001149999999,40,0
WUDAPULI,-14.2135099999999,129.853149999999,41,0
WURDEJA,-12.17057,134.660849999999,20,3
ALHARRGAN,-13.67507,136.05261,26,0
ALYINGBERRMA,-13.8093399999999,136.81691,30,0
AMANBURNUNGA,-13.9264099999999,136.69486,31,0
AMIRRABA,-13.9086799999999,136.857869999999,31,0
ANDANANGKI,-13.60962,135.765029999999,25,0
ANGURUGU,-13.9822399999999,136.460569999999,31,0
BALMA,-13.24939,135.848569999999,24,0
BANTHULA,-11.8358499999999,135.873649999999,25,3
BANIYALA,-13.2004,136.2261,26,0
BAWAKA,-12.53365,136.764019999999,27,1
BAYGURRTJI,-13.1578699999999,135.866539999999,25,0
BIRANY BIRANY,-12.8170299999999,136.476689999999,27,0
BODIA,-12.0768799999999,134.896279999999,21,3
BUKUDAL,-12.9664699999999,136.613529999999,27,0
BULARRING,-12.04636,135.703419999999,24,3
BUNDATHARRI,-12.23568,134.84672,22,3
RORRUWUY,-12.2029199999999,136.295639999999,26,2
BURRUM,-12.3094,135.960499999999,26,2
DARRANGMURMANJA,-13.72486,136.59277,27,0
DHALINYBUY,-12.4125,136.387799999999,26,1
DHAMIYAKA,-12.6564,135.85557,23,1
DHARRNI,-13.7498299999999,136.020049999999,26,0
DHIPIRRINJURA,-12.2480599999999,135.097569999999,21,3
DHOLTJI,-11.94835,136.46161,24,3
DHUPUWAMIRRI,-12.6679599999999,135.392179999999,24,1
RURRANGALA,-12.9042499999999,136.253819999999,26,0
BOROGOMARRA,-12.2415899999999,134.97834,21,3
DJARRAKPI,-13.2969099999999,136.351619999999,26,0
DJURRANALPI,-11.84684,135.872919999999,25,3
DONYDJI,-12.89045,135.47028,25,1
GALAWDJAPIN,-12.2869499999999,134.817509999999,22,3
GILIRRI,-12.33029,134.816949999999,21,3
GALIWINKU,-12.0235,135.5664,23,3
BAYAGIDA,-12.04269,134.92821,22,3
GALUPA,-12.1925,136.6892,25,1
GALARU,-12.16601,136.757319999999,26,2
GUMURUGURU,-12.06001,134.763059999999,21,3
GAN GAN,-13.0460499999999,135.943539999999,27,0
GANPURA,-11.88523,135.812349999999,25,3
GAPUWIYAK,-12.5032199999999,135.805869999999,23,2
MOORONGA,-11.9211899999999,135.0749,24,3
GARRIYAK,-12.14861,135.562839999999,23,3
GARRTHALALA,-12.76305,136.569179999999,26,1
GATJI,-12.2730599999999,134.82029,22,3
GAWA,-11.76032,135.90485,25,3
GIKAL,-12.05218,136.320369999999,25,2
GITAN,-11.91169,135.78183,25,3
GULMARRI,-11.9170099999999,135.82229,25,3
GUNYANGARA,-12.21542,136.70569,25,1
GURKAWUY,-12.97616,136.50362,28,0
GURRUMURU,-12.5922399999999,136.231679999999,25,1
LANGARRA,-12.0991799999999,135.36168,22,3
MALKALA,-13.8914,136.442239999999,29,0
MALNJANGARNAK,-12.66057,134.773349999999,22,1
MAPURU,-12.2531799999999,135.43779,22,3
MARRAYA,-13.83939,135.80099,26,0
MARTJANBA,-11.1700599999999,136.70702,24,3
MATAMATA,-12.07676,136.27125,26,2
MAWULYUMANJA,-13.8427799999999,136.723349999999,31,0
MILINGIMBI,-12.1036,134.9201,21,3
MILYAKBURRA,-13.78389,136.19583,26,0
MIRRNATJA,-12.6577899999999,135.19307,24,1
MIWUL,-14.03209,135.912659999999,26,0
MULGURRAM,-12.4019599999999,134.960849999999,20,3
NALIYINDI,-12.54196,135.178629999999,24,1
NGANGALALA,-12.2983499999999,134.992239999999,21,3
NANYINGBURRA,-11.76057,135.873649999999,25,3
NGAYAWILLI,-11.9943,135.5745,23,3
NGADUMIYERRKA,-13.82001,136.4564,29,0
NGILIPITJI,-13.54468,135.52562,25,0
NIKAWU,-12.08962,135.545449999999,23,3
WURWULA,-11.9764599999999,136.30349,25,3
NUMBULWAR,-14.2791,135.7406,26,1
RAMINGINING,-12.32779,134.930009999999,20,3
RAYMANGIRR,-12.3403099999999,136.00253,27,2
DHURUPUTJPI,-13.0547799999999,136.176609999999,28,0
UMBAKUMBA,-13.8597399999999,136.811129999999,31,0
WALDNARR,-13.76563,135.805309999999,25,0
WANDAWUY,-12.89147,136.356359999999,26,0
WUMAJBARR,-14.16648,135.692409999999,25,0
WUNBURRI,-11.59498,136.07853,24,3
WURRUMENBUMANJA,-14.1377899999999,136.515569999999,32,0
WUYAGIBA,-14.62149,135.520359999999,27,1
YANUNGBI,-12.27975,136.65787,26,1
YATHALAMARRA,-12.2744599999999,134.92196,21,3
YEDIKBA,-14.08056,136.45703,31,0
YANBAKWA,-14.21668,136.45613,30,1
YIMIDARRA,-14.2175199999999,135.564629999999,25,0
YIRRINGA,-11.6453799999999,136.025779999999,26,3
YIRRKALA,-12.2527899999999,136.89168,26,1
BADAWARRKA,-14.6960299999999,134.44378,23,0
BAMBOO SPRINGS,-16.95993,129.08393,22,0
BARRAPUNTA,-13.15658,134.85057,25,1
BARUNGA,-14.5236299999999,132.86668,23,0
BESWICK,-14.5548,133.1142,22,0
BINJARI,-14.5502,132.1815,27,0
BOOMERANG LAGOON,-14.4506099999999,135.039249999999,25,0
BUBBLE BUBBLE,-15.8103599999999,129.310219999999,33,0
BULLA,-15.76492,130.039359999999,34,0
BULMAN,-13.6652899999999,134.333349999999,25,0
COSTELLO,-14.56453,134.88289,26,0
DAGURAGU,-17.4005899999999,130.80491,18,0
JILKMINGGAN,-14.9530599999999,133.3,21,0
MANYALLALUK,-14.2664899999999,132.827969999999,26,0
GORPULYUL,-13.3462099999999,134.14587,24,0
GILWI,-15.7871099999999,130.532749999999,29,0
JODETLUK,-14.3599999999999,132.43333,27,0
HODGSON RIVER STATION,-15.4747699999999,134.095529999999,23,0
JOWAR,-14.7274699999999,134.428809999999,22,0
KALKARINDJI,-17.4467499999999,130.83212,16,0
PICININNY BORE,-19.8271099999999,129.78279,7,0
WALPIRI,-14.4736099999999,132.2693,28,0
KYBROOK FARM,-13.8631599999999,131.821959999999,29,0
LAJAMANU,-18.3358399999999,130.638339999999,14,0
LIKU,-17.91141,130.504289999999,16,0
LINGARA,-16.48694,130.643329999999,22,0
LUL-TJU,-18.3767099999999,130.59313,14,0
MARIA LAGOON,-15.29989,135.444629999999,31,1
MARRALUM,-15.39109,129.250259999999,36,0
MATARANKA TOWN CAMP,-14.9261799999999,133.06738,21,0
MIALI BRUMBY,-14.4558299999999,132.2589,28,0
AMANBIDJI,-16.4280599999999,129.618899999999,28,0
MINYERRI,-15.2216,134.082099999999,23,0
MISTAKE CREEK,-17.1092699999999,129.04319,20,0
MOLE HILL,-14.8749899999999,133.83303,20,0
MOMOB,-13.35693,134.269149999999,22,0
MOUNT CATT,-13.8001799999999,134.43241,23,0
MUMPUMAMPU,-14.3841799999999,135.32835,26,0
DUCK PONDS,-18.7737699999999,131.277659999999,16,0
NULAWAN,-14.7872899999999,134.93128,27,0
NGUKURR,-14.7317,134.7321,23,0
NUMMERLOORI,-14.59159,134.97727,27,0
PARNTA,-18.68438,130.651039999999,15,0
PIGEON HOLE,-16.8141199999999,131.22037,20,0
PINE CREEK COMPOUND,-13.8160099999999,131.83106,29,0
RITTARANGU,-14.7101099999999,134.565259999999,23,0
ROCKHOLE,-14.5193499999999,132.186329999999,28,0
JIWARANPA,-19.5554099999999,129.926739999999,8,0
MUNGURRUPA,-20.5848099999999,129.733129999999,5,0
MURUNING,-15.6752699999999,130.484569999999,31,0
TURKEY LAGOON,-14.52938,134.750929999999,24,0
WANMARRI,-14.4540099999999,135.22691,26,0
WEEMOL,-13.6441799999999,134.308629999999,25,0
WERENBUN,-14.1825499999999,132.1611,27,0
YARRALIN,-16.4484099999999,130.88279,24,0
YINGUWUNARRI,-16.6089099999999,131.82362,22,0
UN-MARR,-14.0644099999999,129.90879,40,0
DHUDUPU,-12.0033,135.569199999999,23,3
GONGURUWUY,-12.0663799999999,136.150849999999,25,3
DJARRUNG,-14.81311,131.537589999999,28,0
YUDU YUDU,-12.23335,136.637239999999,26,1
HOPPYS CAMP,-23.6840499999999,133.876579999999,0,0
ILPEYE ILPEYE ESTATE,-23.6999299999999,133.90699,0,0
MYATT,-15.70656,130.48335,32,0
TINKARLI,-19.6372399999999,134.202509999999,11,0
WUPPA,-19.6369599999999,134.19918,11,0
FLICKS HOLE,-15.6160599999999,134.09331,24,0
BURRUMBURRU,-17.74229,137.781549999999,25,0
MANABURDURMA,-12.66638,132.843189999999,26,0
MURTULKI,-19.9178399999999,134.38936,7,0
MURUN MURULA,-18.4990799999999,137.517539999999,19,0
WANGALINJI,-18.39639,137.46692,21,0
GUMULUJI,-17.93534,137.480379999999,24,0
ALATYEYE,-23.0973299999999,134.21897,0,0
MAMADI,-17.8495099999999,129.63515,14,0
JUNGARRAYI WARRNU,-22.6859399999999,131.43088,3,0
LARRPAYANJI,-14.7833399999999,134.68017,23,0
WOOLANING,-13.10521,130.6589,29,0
BOBS YARD,-16.0094499999999,130.611249999999,25,0
BARRAK BARRAK,-15.8716,130.358759999999,30,0
BUCKET SPRINGS,-15.74001,129.164649999999,34,0
POLICEMANS HOLE,-15.77853,129.106539999999,37,0
MT MAIYO,-17.69491,129.397549999999,16,0
IRRERLIRRE,-22.8462,135.1345,2,0
JANGIRULU,-18.1256099999999,133.611109999999,17,0
ULBULLA,-25.68357,133.196439999999,0,0
WUNARA,-19.9898,136.618099999999,8,0
WERRE-THERRE,-23.5426499999999,133.634729999999,0,0
ILPERLE,-22.92737,135.71575,3,0
JOMET (URPALARWN),-15.4206899999999,133.111459999999,22,0
UNDOOLYA BORE,-23.7476199999999,134.117619999999,0,0
ARTEKERRE,-23.2573899999999,133.7666,0,0
BURT CREEK,-23.19652,133.74759,0,0
ALKUPTIJA,-23.0653299999999,133.694359999999,0,0
WOOLIANA,-13.67483,130.64275,34,0
NEMARLUK,-14.24122,130.00325,39,0
MERREPEN,-14.22128,129.96735,39,0
KUY,-14.0354599999999,129.597839999999,42,1
YEDERR,-14.0196499999999,129.72201,41,0
WALKABOUT BORE,-24.38261,133.816869999999,0,0
LIKKAPARTA,-19.34336,134.53799,12,0
KIANA,-17.2423599999999,136.18411,26,0
GOOLMINYINI,-16.15829,136.09751,32,2
MIMINA,-16.8021099999999,136.83428,28,2
INKAWENYERRE,-21.8201599999999,134.84707,4,0
IYLENTYE,-21.98676,134.72667,4,0
CAMEL CAMP,-22.2718099999999,134.552419999999,3,0
ATHELEY,-21.9175699999999,134.86766,4,0
PUNGALINDUM,-22.0706099999999,134.688789999999,4,0
NGAPPAMILARNU,-19.8618799999999,133.278459999999,8,0
PURRUKUWURRU,-19.9456199999999,135.69629,8,0
JUNKAJI,-20.4465599999999,134.14149,6,0
ARRAWAJIN,-20.5182499999999,134.975509999999,6,0
KALINJARRI,-20.39752,134.36571,6,0
ILLEUWURRU,-21.60913,134.39411,3,0
GUDJEKBIN,-12.2509699999999,133.801089999999,21,3
GUL GUL,-11.1304199999999,132.338419999999,26,2
PICKERTARAMOOR,-11.76667,130.9,29,2
MIRRIDI,-19.0187299999999,130.77884,13,0
KULANG,-24.71557,129.00638,2,0
WALU,-24.7371099999999,129.525589999999,1,0
WALKALBA,-22.1624899999999,131.819909999999,4,0
WINPARKU,-23.4346499999999,131.46172,1,0
PINJA,-18.80958,130.370949999999,13,0
KURRURLDUL,-12.4880599999999,134.240119999999,20,2
AWUMBUNYJI,-14.4472299999999,135.43529,25,1
CHILLA WELL,-21.52777,130.970669999999,5,0
5 MILE BORE,-23.23265,131.982959999999,1,0
ULAMBARA,-23.2771499999999,131.92748,1,0
AMUNDURNGUA,-23.2714299999999,131.423429999999,1,0
TJINTIRTJINTIRPA,-23.2852199999999,131.270589999999,1,0
NGUTJUL,-23.2967699999999,129.46752,2,0
MUYIN,-23.15972,129.004889999999,2,0
NGANKIRITJA,-23.4645899999999,131.87969,1,0
TARAWARA,-23.5472599999999,131.413379999999,1,0
CAMELS HUMP,-23.7517499999999,131.594349999999,1,0
ALKNGARRIINTJA,-23.9560199999999,132.46233,0,0
NTAKARRA,-23.8950099999999,132.680009999999,0,0
IPALALA,-23.9255599999999,132.678079999999,0,0
ULPUNDA,-23.9546,132.766,0,0
PALM PADDOCK,-24.0853399999999,132.68126,0,0
DELEYE,-13.76535,129.97667,39,1
KUWUMA,-13.5980499999999,130.36991,33,0
KWOMBOM,-13.95523,130.29075,38,0
WUDADUK,-14.0277099999999,129.943749999999,41,0
CHULUK,-13.665,130.267779999999,35,0
16 MILE CAMP,-23.4576399999999,133.83248,0,0
BLACKTANK BORE,-23.3235199999999,134.020489999999,0,0
TURNERS CAMP,-23.3051399999999,134.069369999999,0,0
WILLIAMS WELL,-23.6732699999999,134.278739999999,0,0
AKARNENEHE WELL,-23.0599199999999,136.19361,2,0
ANTERE,-25.66309,134.409339999999,0,0
OAK VALLEY,-24.3849799999999,133.932179999999,0,0
MOUNT PEACHY,-24.3941599999999,133.871809999999,0,0
PWERTENTYE,-23.3729099999999,134.79239,0,0
BARRIDJOWKENG,-12.34863,134.175289999999,20,3
JI-MALAWA,-12.12168,134.673339999999,21,3
KABALYARRA,-12.0694599999999,134.212789999999,21,4
YAMINYI,-12.79026,134.356989999999,19,1
YIKARRAKKAL,-12.5036299999999,134.1114,20,2
RED LILY,-12.86449,132.56967,27,0
HUNTERS CAMP,-12.65001,132.8291,26,0
MUMUKALA,-12.6113699999999,132.66648,25,0
NGIPIN,-11.60003,133.45832,28,3
BUYMARR,-12.6982699999999,136.636529999999,26,1
GUTJANGAN,-12.0839,136.80857,26,2
DHARAWA,-11.84938,135.846929999999,25,3
DHAYIRRI,-11.9612,135.6187,24,3
GALAWARRA,-12.0444,135.593729999999,23,3
MUDHAMUL,-12.16089,136.172079999999,26,2
BISHOPS BORE,-14.6145199999999,133.070529999999,21,0
BAGHETTI,-13.75874,134.463719999999,23,0
DOOLGARINA,-16.22917,136.766109999999,31,2
IJARRA,-16.2151999999999,136.005009999999,31,0
NORTH ISLAND,-15.5629399999999,136.845269999999,34,3
WADA WADALLA,-15.92948,136.428859999999,33,3
MANANGOORA,-16.0515,136.860849999999,32,3
WURLBU,-16.0746399999999,136.28415,32,2
DILLINYA,-15.85698,132.04505,24,0
LIJA MUKUMPARLA,-17.3320799999999,135.080739999999,22,0
KURRAYA,-19.76559,134.475449999999,8,0
ANKWELEYELENGKWE,-21.59675,133.755169999999,3,0
JEMELKE,-21.53389,133.87473,4,0
MINMARAMA PARK,-12.41118,130.849179999999,31,1
IRON STONE,-12.89499,130.43571,31,1
MOBARN,-13.57939,134.354989999999,23,0
MARIAH,-11.22968,132.38022,27,2
BLUE BUSH,-19.02411,133.735829999999,16,0
MILMILNGKAN,-12.5231599999999,134.247309999999,20,2
LAKE KATHERINE,-14.27374,135.068049999999,24,0
SABINA,-13.8603,129.93195,41,0
WULKABIMIRRI,-12.35538,134.90591,20,3
NGUYARRAMINI,-20.0871299999999,134.38577,7,0
PUNJARRIJI,-20.31062,134.50807,6,0
BLOODWOOD BORE,-25.76764,134.288299999999,0,0
BEER ST BORE,-25.58297,134.525649999999,0,0
HALFWAY CAMP,-25.69492,134.362629999999,0,0
CHARLOTTE WATERS,-25.9142399999999,134.89274,0,0
MCDONALDS YARD,-17.7823899999999,130.592109999999,16,0
MALLARRAMI,-11.7754099999999,136.535629999999,23,3
ALICE WELL,-24.8812299999999,134.22962,0,0
IRRMARNE,-21.6540499999999,136.394749999999,5,0
PANTYINTEME,-24.4501099999999,133.112069999999,0,0
MT EAGLEBEAK,-22.9564,135.19891,2,0
LIZARD BORE,-23.3003399999999,131.134649999999,1,0
MURRANJI,-16.8359799999999,132.810699999999,21,0
PERTARRATENGE,-24.4132599999999,133.319559999999,0,0
PETYALE,-21.99972,133.433629999999,2,0
RUTJINGKA,-23.91581,132.815269999999,0,0
YULARA PULKA,-25.2545499999999,130.891079999999,1,0
YALUKUN,-12.2625099999999,136.00585,26,2
BARDALUMBA,-13.8244499999999,136.4489,29,0
GULNGARRING,-13.13876,131.098109999999,31,0
WURANKUWU,-11.61652,130.277629999999,32,2
NGARNKA,-20.17566,129.90876,8,0
KATJUTARI,-23.7408499999999,132.004739999999,1,0
LUNTHARRA,-23.7354299999999,132.04497,1,0
MERRAL NTARRAKALA,-23.9141799999999,132.828649999999,0,0
NATJITNAMA,-24.0211299999999,132.98113,0,0
RARANGANTJUTA,-23.98488,133.14814,0,0
MOUNT TWELLAR,-23.5419799999999,133.62279,0,0
WATARU,-24.85858,129.059359999999,2,0
OONDALOO,-24.8871499999999,129.064539999999,2,0
EAGLE VALLEY,-24.92999,129.09845,2,0
TJAUWATA,-24.91526,129.12181,2,0
EMU POINT,-14.1702099999999,130.327769999999,36,0
KELERRK,-13.95783,130.32647,37,0
MULINGI,-13.92666,129.95077,41,0
NADILMUK,-11.9938399999999,134.294539999999,22,4
NABBARLA KUNINDABBA,-12.0612499999999,134.402249999999,21,4
BARRKIRA,-12.0086,136.4649,25,3
WATDAGAWUY,-11.93961,135.700739999999,25,3
WANAKUTJA,-11.10539,132.511059999999,27,1
TIMOR SPRINGS,-11.09665,132.57399,27,1
SANDY BAY,-11.2071899999999,132.580269999999,27,1
ARRGAMURRMUR,-11.17399,132.61015,27,1
MARRAMARRANI,-11.30261,132.553409999999,27,1
ADJAMARRAGU,-11.1518199999999,132.47559,27,1
DHAMBALA,-12.0526,135.5609,23,3
MANDEDJKADJANG,-12.26454,134.03056,20,4
YILILA,-13.6820399999999,135.91308,25,0
MARRKALAWA,-13.57423,135.713099999999,25,0
PATONGA (HOMESTEAD),-12.9580299999999,132.580469999999,28,0
CONNELLS LAGOON,-18.89143,136.54802,13,0
MAPERTE,-22.5415899999999,136.38103,4,0
HATCHES CREEK,-20.8460599999999,135.21349,5,0
ILUWURRU,-19.0322199999999,136.65003,12,0
KURNTAPURRA,-19.3917699999999,135.397879999999,11,0
NAMERINNI,-18.5681799999999,133.715489999999,17,0
NGURRARA,-19.42135,135.405529999999,11,0
WAKURLPU,-20.6322899999999,134.21688,5,0
FOXALLS WELL,-23.0738299999999,134.82355,0,0
ARRUNGE,-22.49935,132.28147,2,0
FOSSIL HEAD,-14.53778,129.521269999999,42,0
KUBUYIRR,-14.12168,129.784989999999,42,0
NGARINTHI,-14.46204,129.42257,44,0
OLD MISSION,-14.12918,129.498069999999,42,1
NGUNTHAK,-14.4044499999999,129.361829999999,44,0
ANGATYEPE,-23.745,133.7275,0,0
ANGKERLE ARRENGE (A),-23.7459899999999,133.480079999999,0,0
ANGKERLE ARRENGE (B),-23.7389399999999,133.47969,0,0
ARRILLHJERE,-23.7798099999999,133.62608,0,0
ELITJIA,-23.7767699999999,133.615829999999,0,0
IRRILTYERE (A),-23.7512899999999,133.69467,0,0
IRRILTYERE (B),-23.7610499999999,133.68564,0,0
ITEYEPINTYE,-23.7646599999999,133.59994,0,0
ITPERLYENGE,-23.76361,133.61103,0,0
KWALE KWALE,-23.76972,133.57451,0,0
PAYEPERRENTYE (B),-23.77074,133.556209999999,0,0
PERTE THERRE,-23.7581799999999,133.64573,0,0
TNERTE,-23.7471499999999,133.72011,0,0
TWETYE (A),-23.74034,133.705389999999,0,0
TWETYE (B),-23.7429199999999,133.696329999999,0,0
TYWENPE (A),-23.72634,133.729279999999,0,0
INBINA ATWATYE,-23.74118,133.713239999999,0,0
TYWENPE (C),-23.74426,133.68787,0,0
TYWENPE (D),-23.7648,133.672259999999,0,0
ITCHY KOO PARK,-23.7666699999999,133.65816,0,0
KUDANTIGA,-14.4291799999999,129.42918,42,0
WUMIRDIN,-14.1890699999999,129.563189999999,42,0
BARRARATJPI,-13.2185799999999,136.391379999999,26,0
YARTALU YARTALU,-20.57253,130.355279999999,6,0
PWERTE MARNTE MARNTE,-24.3733799999999,133.719819999999,0,0
KALUMBULANI,-16.8772,131.21949,19,0
DOOJUM,-15.72519,129.15921,34,0
BURTA WURTA,-17.5359699999999,130.47592,16,0
GIMBAT,-13.5785399999999,132.60772,24,0
BANATJARL,-14.47668,132.651399999999,26,0
KALPITAPTA,-20.8993599999999,135.35397,5,0
SNAKE WELL,-23.1594599999999,133.915289999999,0,0
BUNHANURA,-12.37449,135.722209999999,25,2
FITZROY STATION,-15.56298,130.93431,27,0
MENNGEN,-15.3569599999999,131.273069999999,26,0
WIITIN,-19.54493,134.23657,12,0
SPOTTED TIGER,-23.04308,134.917609999999,2,0
DHULMULMIYA,-12.5278099999999,136.725329999999,27,1
DHANIYA,-12.55007,136.737909999999,27,1
DALIWUY BAY,-12.34085,136.91835,25,1
MOUNT JEAN,-13.5325899999999,134.171909999999,25,0
SCOTT POINT,-13.75212,136.84751,28,0
AKWALIRRUMANJA,-13.86346,136.77866,31,0
ANGWURA,-13.9194199999999,136.726089999999,31,0
IMPERRENTH,-21.21086,134.96858,5,0
UMINYULUK,-13.8307299999999,130.05311,40,0
GARANYDJIRR,-12.28204,135.020949999999,21,3
MU-GURTA,-12.25897,134.508139999999,20,3
DJINKARR,-12.2128699999999,134.296259999999,20,3
JARRAMAGORNDARRA,-12.29072,134.653109999999,20,3
KUMURRULU,-12.2717099999999,134.07048,20,3
ARMORRAN,-11.7557499999999,133.381419999999,27,3
NGARLU NGARLU,-11.8662899999999,133.40906,25,3
TOMMYHAWK SWAMP,-22.1943099999999,134.592739999999,4,0
MULGGAN,-14.92004,133.0739,21,0
COW LAGOON,-16.2075099999999,135.949619999999,31,0
HINGSTONS PLACE,-19.6177299999999,134.197029999999,11,0
NAPAGUNPA,-19.10426,133.61851,15,0
PAKULKI,-19.5043799999999,134.418459999999,12,0
BUNI-INWUNBULUK,-11.4061299999999,132.825539999999,27,1
MURGENELLA PLAINS,-11.71041,132.91239,27,2
IRGUL POINT,-11.34201,132.52876,27,2
ADBANAE,-11.2416699999999,131.97531,26,2
KAPALGA,-12.69876,132.371129999999,24,0
DJIRRBIYAK,-12.72945,132.76363,26,0
WALANGURRMINY,-12.9748199999999,130.776139999999,30,1
YAKALA,-23.8866799999999,132.6639,0,0
UNDURANA 2A,-23.75918,132.105289999999,1,0
BUDJANGA,-16.1794499999999,136.76818,31,2
MILIBUNTHURRA,-15.9623099999999,136.423329999999,33,3
SANDRIDGE,-16.04184,136.34854,32,2
JIMILAYA,-15.6088499999999,136.674669999999,35,3
MOOLOOWA,-15.62411,137.000529999999,35,3
UGUIE,-15.83006,137.041419999999,33,3
GARAWA 2,-16.0739,136.3189,32,2
GARRINJINNY,-16.6749599999999,135.64751,28,0
MARINIRI,-16.6700099999999,136.901399999999,28,2
WULABURRI,-16.4064,136.84162,30,2
WUNDIGALLA,-16.4755699999999,137.04307,31,3
PANTHARRPILENHE,-23.37058,134.789209999999,0,0
WARLPEYANGKRERE,-22.5489399999999,136.991749999999,4,0
YINYIKAY,-12.2102399999999,136.229209999999,26,2
KUMUNU,-18.76418,133.639459999999,16,0
MUCKATY,-18.6393199999999,133.8959,16,0
YIRRA BANDOO,-12.5729299999999,131.022379999999,30,1
DARRANDARRA,-12.7409799999999,130.95462,29,1
10 MILE OUTSTATION,-22.46667,132.376579999999,1,0
ILEPARRATYE,-22.0214499999999,133.429309999999,2,0
4 MILE CAMP,-11.7779799999999,130.59548,30,2
KABULWARNAMYO,-12.7648599999999,133.844719999999,22,1
LEICHARDT,-13.84806,130.279069999999,38,0
CORKWOOD BORE,-23.3122499999999,133.867919999999,0,0
YULBARA,-15.7777,136.9997,33,3
BABUNGI,-15.7444399999999,136.978579999999,33,3
CONDER POINT,-11.6508799999999,131.32757,29,2
TAKAPIMILIYI,-11.81528,130.80161,31,2
PENYEME,-22.78725,135.67273,3,0
ATJI CREEK,-23.3994499999999,131.98389,1,0
ULUPERTE,-23.76408,135.695439999999,1,0
KEWULYI,-14.92699,134.00927,19,0
ILPURLA,-24.31521,132.71446,0,0
BURUDU,-19.5987399999999,136.92545,9,0
PUTJAMIRRA,-11.22457,130.36849,30,2
ANNERRE,-21.2616899999999,134.001159999999,4,0
10 MILE,-20.4062799999999,134.75934,6,0
ARKANTA,-24.52148,132.81995,0,0
GANIYARRANG,-14.475,135.02131,26,0
IRKLANCHA ATWACHA,-23.6941,133.9052,0,0
NAMA,-14.22945,129.858789999999,41,0
BUFFALO FARM,-12.8136899999999,132.593819999999,27,0
HAWK DREAMING,-12.3705299999999,132.93914,25,1
KUNOTH,-23.6905399999999,133.880259999999,0,0
ADELAIDE RIVER,-13.2378,131.104729999999,31,0
ALICE SPRINGS,-23.6994,133.8807,0,0
ALYANGULA,-13.8506,136.4191,29,0
BATCHELOR,-13.0462899999999,131.028829999999,30,0
BORROLOOLA,-16.0676,136.3069,32,2
CATTLE CREEK,-17.5974699999999,131.545209999999,18,0
DALY WATERS,-16.2533299999999,133.36932,20,0
DARWIN,-12.46153,130.84244,30,1
ELLIOTT,-17.5527,133.5408,21,0
JABIRU,-12.6752,132.833699999999,25,0
KATHERINE,-14.4667599999999,132.26677,28,0
KULGERA,-25.84084,133.300479999999,0,0
KURINELLI,-20.6114,135.039999999999,6,0
LARRIMAH,-15.5757,133.2163,20,0
MOOLOOLOO,-16.33559,131.51505,24,0
NGURRUTIJI,-20.1167,134.5167,7,0
NHULUNBUY,-12.187,136.7763,25,1
PALMERSTON,-12.4808,130.9841,30,1
PINE CREEK,-13.8227,131.8344,29,0
TENNANT CREEK,-19.6478,134.1902,11,0
TI TREE,-22.1279,133.4171,2,0
TIMBER CREEK,-15.6625,130.4804,31,0
WARBY,-16.1531,136.734399999999,31,2
YULARA,-25.2413299999999,130.98766,1,0
IMPADNA,-25.1545199999999,133.569469999999,0,0
WOLLAGALONNG OUTSTATION,-21.36721,133.4395,5,0
NEWCASTLE WATERS,-17.3718,133.4103,20,0
MATARANKA,-14.9243499999999,133.067949999999,21,0
NGARILIKIRLANGU,-22.12594,131.77302,4,0
DOUBLE D,-21.2317699999999,134.94684,5,0
SANDY BORE,-24.5575,132.524329999999,0,0
BLACK ROCK LANDING,-15.92062,136.51042,33,3
NGUNGA,-23.26484,131.2545,1,0
CRABHOLE,-16.2152499999999,137.09915,32,3
SNAKE LAGOON,-16.2032199999999,136.913029999999,31,3
WALLACES LAGOON,-16.1226699999999,136.6356,32,2
BRUMBY PLAINS,-16.9602,129.10889,22,0
GULARDI,-15.71326,130.48399,32,0
IRROWA,-24.6251499999999,132.331029999999,0,0
ILJITJARRI,-24.5340099999999,132.492149999999,0,0
ALYARPERE,-23.70776,134.493319999999,0,0
URRERMERNE,-23.9629,134.06913,0,0
20 MILE,-16.0853499999999,136.548259999999,32,2
BUSHCAMP,-19.7171099999999,134.154079999999,10,0
ATNARPA,-23.5235799999999,134.789109999999,0,0
LILY HOLE,-17.24737,133.74957,20,0
MINJILANG,-11.1507,132.578599999999,27,1
BRUMBY PLAINS,-17.053,129.01,20,0
