hierarchy,surface,segments,km
VEHICLE TRACK,UNSEALED,28809,103446
SUB-ARTERIAL ROAD,UNSEALED,1634,9231
NATIONAL OR STATE HIGHWAY,SEALED,1100,2677
SUB-ARTERIAL ROAD,SEALED,1563,2457
ARTERIAL ROAD,SEALED,576,2445
LOCAL ROAD,SEALED,10113,2061
ARTERIAL ROAD,UNSEALED,179,1540
LOCAL ROAD,UNSEALED,1725,1096
VEHICLE TRACK,SEALED,376,510
COLLECTOR ROAD,SEALED,1854,305
LOCAL ROAD,(not recorded),419,116
VEHICLE TRACK,(not recorded),6,65
SUB-ARTERIAL ROAD,(not recorded),9,27
COLLECTOR ROAD,(not recorded),19,2
FOOTPATH,SEALED,9,1
